category,tag,user,title,content,imgSrc,createAt,viewCount,likeCount,postReplyLists
okky,lifeStory,kenu,"`윈도우 개발환경 셋업` 기획은 10월에 했는데, 완성하기 힘드네요.","mac만 주로 10년 넘게 사용하다 보니
윈도우 개발환경의 한계가 너무 어려워서 만들고 있는데,
정말 쉽지 않네요. ㅠㅠ
https://bit.ly/windevset


이렇게 살고 있습니다.",https://file.okky.kr/images/1734951957078.png,2일 전,265,1,"[{'user': 'kenu · 작성자', 'content': 'https://www.youtube.com/playlist?list=PLDMPhWe3CfpalmlWid3oFmUyk24W9qhtv\n리허설 영상입니다.', 'createAt': '2일전'}, {'user': '캐티', 'content': 'Visual Studio, Code 2개만 사용중이어요. git이 확장으로 제공되어도 모두 포터블을 사용하고 링크 페이지에 둘째 문단에서 받을 수 있쩌. 이케 하는 이유는 윈도우는 설치된 프로그램이 많은데 컴터가 터지면 지나치게 난처해지빈다. WinSCP 같은 것들이 포터블 어플로 제공되어요. 그 외 어플들은 portableapps를 사용하면 좋아요.\n[1] Git - Downloading Package\n여담으로 아이폰 앱을 개발하려면 맥 미니라도 구매하여야 할 것 같지 않나요.', 'createAt': '2일전'}, {'user': 'カワウソ', 'content': '윈도우는 개발하면서도 문제가 많아요.', 'createAt': '2일전'}, {'user': '일랑이유리', 'content': '맥의 가격이 진입장벽 ㅠ', 'createAt': '1일전'}, {'user': '바보쿠우', 'content': 'c# 만세', 'createAt': '1일전'}]"
okky,lifeStory,leon808,다들 크리스마스 즈음에 무얼 하시나요?,"저는 1n년째 늘 하던대로 고향에 돌아가
아버지 일 도와 짐 나르고 포터 몰고
어머니 일 도와 피자 만들러 갑니다

이번엔 원래부터 고향에 있는게 아니고
대학이 아닌 연차를 낸 현 개발자
전 피자 외 자영업 장인으로 돌아가네요

그나마 최근 몇년간 좋아진건
제가 피자 만들고 주문 받고 배달하는거 다 할 필요 없이
배달 대행을 맡기면 된다인거에요

오키 여러분은 어떻게 보내시나요? 궁금합니다",0,2일 전,388,2,"[{'user': 'kenu', 'content': '저는 간만에 가족모임으로 25일 연극 예매했어요.\n2호선 세입자 연극\n\n\n연극 백만년만에 가려고 하니, 인당 5만원이네요.\n150석 정도 되는데, 인건비 생각하면, 나름 수긍이 됩니다.\n15년 뒤에는 AI 로봇이 연극하는 시대가 될 것인가 쫌 거시기 합니다.', 'createAt': '2일전'}, {'user': '오키도키나이키', 'content': '집에서 푹 쉴 예정입니다!', 'createAt': '2일전'}, {'user': 'Woooo', 'content': '제 집에서 회사사람들이랑 홈파티하고 저녁먹고 인생네컷찍고 술마시러 갈 예정이에요.', 'createAt': '1일전'}, {'user': '조금만 기다려줘', 'content': '그냥 공휴일일뿐 ... 세상을 왕따시킨다!', 'createAt': '1일전'}, {'user': 'dk100', 'content': '집에서 간단히 요리 해 먹을 예정입니다. 아빠가 스테이크 만드는 날 ㅎㅎ', 'createAt': '1일전'}]"
okky,lifeStory,정규분포,TIL 노상범대표님이 OKKY 대표라는 사실,"sbroh님이 쓰는 글들이 계속 베스트에 넘어가서 의아해 했는데, 다 이유가 있었더라고요. 아님 나만 몰랐나 봅니다.
개인 페북을 가보니 정치얘기를 즐겨하시는 것 같은데, okky라는 플렛폼은 남용해서 정치판 dumpster fire로 만들지 않으시는 것도 대단한거 같습니다. 나 어렸을 때는 그렇게 하기 어려웠을 거고, 심지어 점잖은 유명 유튜버들도 그런 자제를 못하는 모습이 가끔 보이는데 말이죠.
okky라는 장수 커뮤니티의 규모가 아직도 많이 커지지 않은 것을 보면 (뭐 커뮤니티 자체도 딱히 큰 장점이 없는 것일 수도 있지만), 한국이 확실히 IT 산업 불모지라는 사실이 아닌 듯도 합니다? 다른 개발 관련 커뮤니티도 보면 장수는 해도 트래픽이 없어서 파리날리는 분위기가 많아요. 열정이 넘치는 분들은 가끔씩 보이는데, 사람들이 없어서 다들 어색하게 떠나는 안타까운 현실. 실력 좀 있으면 대부분 영어권 커뮤니티로 떠나나 봅니다.
거의 20년 가까이 포기하실 법도 한데 계속 유지하시는거 대단하십니다. 한국 문화가 더 발전해서 okky 같은 커뮤니티의 규모가 커지는 날이 오겠죠?

일과 시작하기 전에 몸풀기로 open letter를 올려드림.",0,2일 전,775,4,"[{'user': '장플', 'content': '노상범 대표님이 okky 대표라는 사실은 저같이 올드 유저들은 다 아는 사실이죠.', 'createAt': '2일전'}, {'user': 'kenu', 'content': '2013년에 대표님으로 모셨는데, 10년이 지나도 사이트가 조금씩 천천히 존버해서 매우 감사한 1인입니다.\n한국에 필요한 IT정책은? (개발자 관점 및 국민 관점)\n이 글도 반응이 꽤 많았습니다.', 'createAt': '2일전'}, {'user': '애매', 'content': '커뮤니티 생태계를 보면.. okky정도면 꽤나 롱런하고 트래픽도 많은편이라고 생각되는데', 'createAt': '2일전'}]"
okky,lifeStory,カワウソ,커스터마이즈 지옥,"자꾸 바꾼다.
결과도 안보고 바꾼다.
바꾸는 와중에 바꾼다.
그럴리 없다는 것으로 다시 바꾼다.
고객 만나면 계약도 안했는데 바꾼다.
일단 다 된다고 이야기하고 바꾼다.
묶어서 팔려고 서로 다른 제품을 엮기 위해 바꾼다.
당연히 기획은 없다. 그러니 쉽게 바꾼다.

그렇게 바꾼 결과는...",0,2일 전,400,2,"[{'user': '키리링', 'content': '개발에 ㄱ도 모르는 사람이 위에 있으면 나오는 결과', 'createAt': '2일전'}, {'user': '프레이야', 'content': '결과는 지옥이네여. ㅠㅠ\n지옥길 막는 방법이 있음 좋겠네여', 'createAt': '2일전'}, {'user': 'Unknown_', 'content': 'ㅋㅋㅋㅋ 고객사에서 해달라는거 다해주라고 오더 받아서 다해줬더니,\n납품하고나서 왜케 개판을 쳐놨냐고 뭐라 하던 곳도 있었음 ㅋㅋㅋㅋㅋ 완고하게 해달라매...', 'createAt': '1일전'}]"
okky,lifeStory,0202룰ㄹ,백엔드 강의 추천좀 부탁드려용,1년차 개발자 입니다. 강의 들으면서 스프링 공부를 더 하고싶은데 어떤 강의가 좋을까요? 강의 말고 다른거 추천해주셔도 좋습니닷,0,2일 전,379,0,"[{'user': 'onimusha', 'content': 'https://okdevtv.com/', 'createAt': '2일전'}, {'user': 'qwer1232', 'content': '영한이형 ㄱ', 'createAt': '2일전'}]"
okky,lifeStory,키리링,게으름은 가장 큰 단점이고 실행력이 가장 큰 재능인거 같네요.,"개발을 처음 배울 때는 저만의 서비스, 저만의 어플, 저만의 솔루션을 만들어서 회사에 소속되지 않고 돈을 벌고 싶다 생각 했습니다.

어느 덧 3년 차가 지나니 이제 회사에서 프로젝트를 주면 어플, 백엔드까지 혼자 만들 수준이 되었습니다.
백엔드는 주가 아니지만 그래도 40만 사용자를 커버하게 되었고 간단한 웹 사이트도 만들 수 있게 되었습니다.
주 개발이 어플이니 어플은 뭐 더 수월하고요.

하지만 정작 이렇게 실력을 키우고 보니... 왠만한건 만들 수 있겠다는 오만한 생각 때문인지 무의식적으로 그런 생각이 들더군요.
'언제든 할 수 있으니 나중에 하자 귀찮다'

퇴근하면 보통 1주일에 3번은 2시간씩 헬스를 합니다. 그러면 남은 시간이 있지만 그 시간을 쓰지 않고 쉬기만 합니다.
나태해졌고 번아웃이 온거죠.
어찌저찌 이겨내고 혼자 서비스 해보려고 만든 어플은 어느덧 완성 80%에서 2달 정도 멈춰있습니다.

제게는 게으름이라는 벽에 실행력이 많이 부족한거 같습니다.
어쩌면 누군가가 닥달하지 않아서 안하는 것도 맞는 것 같습니다.
시험 준비도 시험 날짜가 다가오면 집중력이 엄청 올랐거든요. 그런데 개인 프로젝트는 기한이 없으니... 의욕이 안나나 봅니다.

혹시 개인 사업을 통해서 돈을 벌고 계신 개발자 분이 있을까요? 이 난관을 어떻게 이겨내면 좋을지 조언 부탁드립니다.",0,2일 전,917,7,"[{'user': '몰랑토끼', 'content': '회사에서의 내 모습은 부캐릭터이고, 회사밖의 모습을 본캐릭터 라고 생각해서 교체한다.\n실행력이 아닌 호기심을 가진다. 어린애들 호기심만큼 무서운게 없는것처럼 호기심을 가져서 해본다.', 'createAt': '2일전'}, {'user': 'qwer1232', 'content': '동감입니다', 'createAt': '2일전'}, {'user': '달고양이', 'content': '전 제 게으름이 나름 장점이라고 생각하는데요 ㅎㅎ\n물론 게으른 자신에게 자기비판이 너무 심해서 우울증까지 온 적도 있지만\n극복해보니 게을렀기에 조금 더 편하고자하는 아이디어들이 나온다고 생각합니다\n자기 합리화이긴 한데 우울증 걸리는 것보다 100배 낫다고 생각합니다.', 'createAt': '2일전'}, {'user': '캐티', 'content': '일찍 일어나세요. 운동 전에 커피를 마시면 효과가 좋다고 하여요. 집중을 오래 하면 좋고 작업을 할 때는 주로 신속하게 하면 좋스빈다. 타자 속도가 빠를 수록 성과가 좋고요. 컴퓨터가 빨라도 좋아요. 한 가지만 좋다고 하더라도 효과가 있겠지만 모두 좋으면 아주 좋아요.', 'createAt': '2일전'}, {'user': 'ppythonman', 'content': '정신적인 에너지라고해서 무한정 솟아 나는건 아닙니다.\n적절히 관리 하지 않으면 금방 고갈되요.\n\n쉰다는게 유투브 보고 게임하고 그러시는 중이면 정신적인 에너지 쓰는 중인겁니다.\n본인수준에 맞는 독서나, 명상, 산책같은걸로 머리 피로를 푸셔야\n아마 다른일을 할 의욕이 나실겁니다.\n\n그리고 인지한데로 마감기한도 있는편이 낫습니다.\n스케줄을 만들어서 이때까진 머라도 끝나 있어야 한다는 그런게 있어야 할꺼에요', 'createAt': '2일전'}, {'user': '코가더', 'content': '예전 도서관 벽에 걸린 문구\n\n-- 부처\n백만의 병사를 이긴 장군보다\n자기자신을 이긴 자가 더 위대하다!!!', 'createAt': '2일전'}, {'user': '옴뇸뇸뇸', 'content': '이야 그 정도면 엄청 대단하신데요.... 집에 오면 나가기 힘들던데 운동도 다니시고..', 'createAt': '1일전'}]"
okky,lifeStory,sbroh,왜 대한민국 SI는 바뀌지 않을까?,"왜 대한민국 SI는 바뀌지 않을까?
40년 전 이력카드 양식을 지금도 쓰고 있을까?
1980년대 초반 삼성SDS에서 개발자 인력관리를 위해 만든 것이 지금도 돌아다니고 있는 이력카드.
Skill Inventory에 지금도 '기종', '산업/응용', '통신' 같은 문구가 있는 양식을 그대로 사용.
저게 뭔 말인지 이해는 할까?


왜 지금도 초급/중급/고급/특급의 ‘등급제’를 사용하고 있을까?
실력 따라 구분하는 건 이해 하겠는데,
'학사 5년차' 같은 구분이 대체 말이 된다고 생각하는 건지.


10년 전이나 지금이나 '단가'는 왜 그대로일까?
그동안 아파트값은 얼마가 올랐으며 밥값은 얼마가 올랐는데... 끽해봐야 10% 남짓?


갑을병정무기경신임계, 하도급은 왜 없어지지 않는 걸까?
한국 시장의 특성 상 갑을병정이 없어지긴 어렵겠지만
민간SI시장에서 그 이하로 내려가는 건 정말 문제 아닌지.
공공에서는 오히려 하도급 제한을 걸어둬서 꽤 개선이 된 것 같긴 한데...


왜 아직도 제안서는 10부 인쇄를 해가야 하는 걸까?
인쇄는 '갑'님들이 좀 하시지... 제안비도 안주면서.
거기에 2024년에 아직도 CD 제출하라고 하는 데가 있다.
전세계에 이러고 있는 나라가 몇개나 있는지 궁금.


코드의 저작권은 왜 지금도 ‘갑’이 갖는 걸까?
유지보수를 위해서라면 '갑'은 사용권만 갖고 있어도 충분한 거 아닌가.
아니면 공동소유라도.


왜 ‘갑’과 ‘을’이라는 표현은 없어지지 않는 걸까?
'공급자', '수급자'라고 쓸 수도 있고, '고객사''와 '수행사'라고 쓸 수도 있는데,
굳이 '갑','을'로 꼭 써야 하는지.
아주 뿌리깊은 위계적 계약 문화라 생각.


사실은 공공 쪽보다 오히려 민간 쪽 문제가 요새는 더 커 보임.
공공 쪽은 (Public Sector) 2013-2016년 경 당시 미래창조과학부 소프트웨어정책국 쪽에 훌륭한 분이 계셔서 많은 변화를 끌어냈음.
지금은 정부가 개발자들한테 뭐 해줄 게 별로 없음.
오히려 민간 쪽이 (Private Sector) 문제 아닐까...라고 생각.
SI가 바뀌어야 SI에 대한 인식이 바뀌고,
SI에 대한 인식이 바뀌어야 개발자가 살고,
개발자가 살아야 나라가 산다고 믿는 1인.
누가 바꿔주지 않음.
개발자들이 스스로 바꿔야 함.",0,2일 전,2.0k,26,"[{'user': 'HJOW', 'content': '개발자는 저걸 바꿀 능력이 없습니다.\n개발자 및 개발회사에 수주를 맡기는 고객사들이 바뀌어야 해결될 문제입니다.\n특히나 이건 ""과일가게"" 현상이 벌어지는 대표적인 사례죠.\n\n\n과일가게 현상은 딱히 이름붙은 게 없어서 제가 그냥 부르는 건데\n더 지니어스에서 나온 과일가게 게임이름이 유래고\n\n\n다른사람 모두 5000원을 제시했는데\n한명이 4000원을 제시하면, 그 사람이 독식하고 다른사람은 쪽박\n\n\n이라는 현상입니다.\n즉 개발자와 개발회사들이 바꾸려면 전원이 다 합심해서 바꿔야 하는데, 그게 근본적으로 불가능하다는 거죠. 단 1명이 배신하면 끝나니까요.\n\n\n고로 고객사들이 바뀌어야 한다는 겁니다.', 'createAt': '2일전'}, {'user': '더미', 'content': '둘다 해봤는데 공공이 더 개판입니다.', 'createAt': '2일전'}, {'user': 'MadMango', 'content': '공공과 국산 SI는 대체 어떤 곳일까..', 'createAt': '2일전'}, {'user': 'n = n + 1', 'content': '당장은 못바꾸더라도 바꾸는 방법은....\n정책을 누가 만들고 시행하는지 생각해보면 정책을 만드는\n사람들을 잘 뽑는 것도 하나의 방법이라 봅니다.', 'createAt': '2일전'}, {'user': '김포포', 'content': '좋은 말씀이시고, 자주 언급되어야 할 문제이고, 근데 가장 중요한게 하나 빠진듯\n\n기간을 정하고 그 기간이 끝나고 아직 안끝났다는 핑계로 공짜로 부려먹으면 안됨\n기간이 늘어나는것을 절대적으로 갑이 추가비용으로 책임져야하는 문화\n\n이렇게 되면 굉장히 많은 부작용이 자연스럽게 없어집니다.\n이건 갑,을이 바꾸긴 힘들어보이고.. 먼가 법,행정력이 동원되야 한다는 모호한 생각만 들 뿐 이네요', 'createAt': '2일전'}, {'user': '흠냥흠냥', 'content': '저걸 어떻게 개발자가 바꾸죠?\n시장의 구조적 문제를 개인이 바꿀 수 없음.', 'createAt': '2일전'}, {'user': '천사와악마', 'content': '개발자가 할 수 있는 영역은\n계약에 없는 부당한 요구를 거부하고,\n뻥튀기 범죄(사문서 위조)에 공범이 되지 않는거\n\n이것만 해도 할 도리는 다 한거 아닐까요?\n나머진 시스템이 해결해줘야지. 가장 밑단에서 이 사태를 해결하려면 레볼루숑밖에 없습니다 ㅋ', 'createAt': '2일전'}, {'user': 'heloow', 'content': 'SI 구조나 거기서 일하는 개발자나\n변화를 굉장히 싫어하더라고요\n그리고 공부안해도 평생 살수있다고 하더라구요', 'createAt': '2일전'}, {'user': 'onimusha', 'content': '스킬 인벤토리 첫 행에 추억의 환장할 기술 조합 들어있네요..\n홍길동 선배님께 존경과 위로의 박수를 보냅니다.', 'createAt': '2일전'}, {'user': '몰랑토끼', 'content': '실력? 알빠노\n연차로만따짐 ㅋㅋㅋㅋㅋㅋ', 'createAt': '2일전'}, {'user': '월급은나의빛', 'content': '다른 나라 SI 프로젝트는 다르게 굴러갈까요? 하도급의 폐단이 없는 나라와의 차이는 뭘까요?', 'createAt': '2일전'}, {'user': '프레이야', 'content': '좋은 생각할 거리를 주셔서\n잠시 생각해보니\n수요와 공급이 맞으니 바뀔 필요가 없을것 같기도 하네여.\n저스킬양식과 등급제 단가 하도급형태로 수요자 공급자가 50프로이상이 만족하니 바꿀 필요가 없는듯여.\n결국은 한축인 개발자가 바뀌어야 하는데 난 잘못한게 없으니 바꿀게 없다고 하니 그냥 가는듯여..', 'createAt': '2일전'}, {'user': '코가더', 'content': '키는 누가 쥐고 있을까요??\n회사들이 돈주면 IT 시스템 만들어준다..\n거기에 정치.영업 밥그릇 싸움도 치열할 거고~~~\n\n요샌 경기가 안 좋고 AI도 나오고 취직이 제일 우선인 시대라...\n퀄러티를 요구할떄가 아니라는 개인적 의견입니다.\n\n말씀하신게 개발자의 좋은건 맞습니다.\n언제면 저런 세상이 올지~~~~', 'createAt': '2일전'}, {'user': 'Bugfix', 'content': '아파트 값은 비정상적인 케이스라 인건비 케이스랑 연동하는건 잘못된거 같습니다.', 'createAt': '2일전'}, {'user': '꾸우까', 'content': '건물은 시스템에 비유하는게맞고\n인력장사는 노래부르고 춤추는 아이돌들도 저작권이 없는것과 소속사에서 준비를해야지 무대가 있는것과같죠\n팝핀현준이나 정지훈처럼 업종내에 탑클래스있는사람들은 자기맘대로 다니고 자기것을 할수있는거고요', 'createAt': '2일전'}, {'user': 'kenu', 'content': '페북 공유하기 하니 멋있는데요. 헐', 'createAt': '2일전'}, {'user': '개막장', 'content': '그냥 씹찐따 새끼들이 많아서요\nSI하면서 사무실에 있었던 인원 다 합치면 대충 3,000명은 넘게 있었던거 같은데\n잘못된거에 대해서 잘못됬다고 말하는 인간이 나포함 3명밖에 없었음\n수행사, 고객사, PL, PM한테 한마디도 못함\n담배피면서 징징징 술처먹으면서 징징징 에휴 병신새끼들\n그냥 병신들이 대부분이어서 안바뀌는 겁니다', 'createAt': '2일전'}, {'user': '컴포지트', 'content': '개발자가 할 수 있는 거 다들 언급했죠. 거부하는 거.\n유명한 낙농업체 불매운동 하듯이 말입니다.\n수요 없는 공급 없듯, 공급 없이 수요도 없죠.\n\n근데, 뭐 몇몇분들 다 이미 지적했어요.\n불합리한 조건은 거부해야 하는데, 거부를 안해요.\n지금 불황 상황 보셨죠? 특히 공공. 물론 민간은 안뽑니 공공은 이때다 싶어서 고급을 중급단가로, 심지어 초급단가로 낮춰도 들어갑니다.\n심지어 경쟁율까지 있어요.\n이러니 어떻게 나아지겠습니까.\n특히, IT 업계 기술 트랜드에 도태되어 SI/SM 말고는 갈 곳 없는 개발자들, 나이제한 때문에 제약이 많은 개발자들,\n특히 이들 덕분에 사라질 수가 없어요.\n그래도 아쉬울 거 없는 개발자들은 안 갑니다.\n요즘 핫하다고 자자한 리액트 웹 앱을 만드는데 통상 6개월 분량을 1개월 안에 하라고 하면 누가 가요?\n저도 IT라도 잘 구축한 좋소기업 안에서 몸담그는 게 낫지 공공같은 지옥같은 외주는 죽어도 안가요.\n자격이 안돼서? 아뇨, 학력 딸려서도 아뇨. 그냥 불합리한 조건이라서 안가는 겁니다.\n한두번 당하지 다시는 당하고 싶지 않아요. 거기 몸담그다 병원 신세 지고 싶지도 않고요.\n차라리 이런 불황에 돈 적게줘도 밸런스 있는 직장 구하겠습니다. 아, 저같은 경우 구했네요.', 'createAt': '2일전'}, {'user': '초무쿤', 'content': '비단 SI뿐만 아니라 우리니라 산업구조 문제인듯 합니다.(SI는 그나마 나은걸지도..)', 'createAt': '2일전'}, {'user': 'twinings', 'content': 'GPT의 의견 : 결론적으로, 대한민국 SI 산업이 바뀌려면 고객사, 개발자, 정부 모두가 역할을 해야 합니다. 다만 가장 핵심적인 변화는 고객사의 인식 전환에서 시작해야 한다고 생각합니다. SI를 단순한 비용 절감 도구가 아니라, 비즈니스 성공의 파트너로 보는 시각이 자리 잡혀야죠.\n개발자들의 힘만으로는 어려운 일이지만, 점진적인 변화는 가능하다고 믿습니다. SI의 구조적 문제가 개선되면, 개발자들이 더 나은 환경에서 일할 수 있고, 궁극적으로 산업 전체의 성장이 이루어질 것입니다.\n\n제 의견 : 되겠냐 ?\n고객사에서 돈 더주면 그게 개발자 주머니로 꽂힐줄 아는 대가리가 꽃밭인 사람도 있네', 'createAt': '1일전'}, {'user': 'younghoo', 'content': '트럭운전기사들은 잘 뭉치는데 왜? IT개발자들은 잘 뭉치지 못할까요? 생각해보면 답은 금방 나옵니다.', 'createAt': '1일전'}, {'user': '그냥회사원이좋잖아요', 'content': '잘 만들어놓아서, 이력카드 말고도 산업에서 잘 만들어둔 양식이 오래가는거 같아요.\n회사에서 신입사원 뽑을때도 비슷해보입니다. 유학파/인서울/고졸 실력을 빠르게 판단할수있는 지표? 그렇다면 개발실력 검증? 불가능하죠, 고객사는 개발자 실력 관심없고 수행사도 잘하는 개발자보다 이윤을 더 추구하기 때문일거라 생각합니다.\n공급과 수요의 원칙은 어느때에도 불변하죠.\n책임회피 및 이윤 남기는 것\n저런곳보다 안그런곳이 더 많지 않나요?\n코드를 갑이 안가져가면 누가 소유하나요? 냉장고 구매해도, 생산자가 소유하나요? 개발자가 소유하면 As받을때 개발자가 얼마를 달라고 하던 줘야하는데, 비용 마음에 안들면, 다른개발자에게 as맡길수 있어야죠.\n갑/을이 표기가 편합니다. 대체하기 어려운 단어 같습니다.', 'createAt': '1일전'}, {'user': '흰꿈둘', 'content': '축협만 봐도 우리나라는\n실력보단 인맥 부정부패가 많아서', 'createAt': '약 15시간전'}]"
okky,lifeStory,길가다주웠어,것힙.jpg,from reddit,https://file.okky.kr/images/1734925027405.png,3일 전,638,3,"[{'user': '월급은나의빛', 'content': '도메인 등록자가 누군지 보려고 했더니 whoistrustee.com 으로 명의가 가려져 있네요.', 'createAt': '3일전'}, {'user': 'n = n + 1', 'content': '거기 들어가면 무언가 음흉한게 있을듯하네요', 'createAt': '2일전'}, {'user': 'leon808', 'content': '이걸 보니 윈도우 오타 교정 생각나네요\n저는 바탕화면 아이콘, 바로가기 안 두고 항상 윈도우 키를 눌러 원하는걸 입력하는 편인데요\n예를 들어 chrome 같은걸 cheime 등으로 어느 정도 오타를 내거나 한글로 초개ㅡ 등\n심지어 한글로 오타를 쳐도 윈도우는 자연스럽게 연결해주는게 정말 편합니다', 'createAt': '2일전'}]"
okky,lifeStory,ppythonman,그냥 망상글,"현재 AI는 기존껄 학습해서 먼가를 창출하는데
만약에 사람들이 새로운 학습할꺼리를 안만든다면
(출판, 네트워크에 업로드 등등을 멈춤 )
AI 발전은 멈출까요
아니면 다른 무언가로 발전을 할까요?",0,3일 전,438,0,"[{'user': '코가더', 'content': '멈추거나 휴먼이 보기에 이상한 방향으로 갈거 같습니다.\n소름~~~~', 'createAt': '3일전'}, {'user': '더미', 'content': '이미 학습할게 많지않을까요?', 'createAt': '3일전'}, {'user': '월급은나의빛', 'content': '다른 AI 가 만들어 낸 아무 말들을 묶어서 나름의 체계를 만들어 내겠죠. 그걸 또 다른 AI가 인용, 재인용...\n실용적 용도가 없는 사변적인 이야기의 집합이 바로 인문학이니 인문학이 융성하겠네요.', 'createAt': '3일전'}, {'user': 'yamanin', 'content': '현재 학습된 특정버전의 꽤 괜찮은 결과를 뽑아내는 llm을 복제하여, 서로 질문과 답변을 시킨다고 가정하고, 해당 질문과 답변을 계속 추가학습시켰을 경우, 점점 편향되고 단순해질 가능성이 높지 않을까? 싶어요.', 'createAt': '3일전'}, {'user': '와플치킨', 'content': '상업적인 부분에 대한 창의적인 발전은 멈출수 있다고 생각합니다.', 'createAt': '3일전'}, {'user': '컴포지트', 'content': '인간 본능 상 전자로는 절대 불가능합니다. 8억 인구가 일시적으로 같은 생각 가지지 않는 이상...', 'createAt': '3일전'}, {'user': 'n = n + 1', 'content': 'AI 발전도 멈출듯 합니다.\n자의식을 가진 AI가 없는 상태에서는 현재 학습된 데이터를 기반으로\n누군가 질문을 던져야 답변을 해주는 수동식 이니까요.', 'createAt': '2일전'}, {'user': '키리링', 'content': '실제로 해당 내용에 대한 기사가 나온게 있었습니다.\n어디 기사인지는 정확히 기억이 안나는데\nAI들이 인터넷에 있는 자료들을 다 학습하고 나서 AI들이 만든 것을 통해서 학습하게 되면 어떨까 하는 내용이거든요.\n결론은 정확도나 신뢰성 부분이 크게 떨어진다고 합니다.\n즉 AI가 발전할 수 있는 크기는 현재로써는 인터넷에 있는 자료들이 한계이며 이 마저 학습을 다 하고 오히려 AI를 통해 만든 컨텐츠가 많아지면 오히려 정확도가 떨어진다고 합니다.\n\n현재의 기술로써 그렇다는 거고 마찬가지로 기술이 더 발전하면 이것도 극복이 되는 순간이 오지 않을까요?\n\n하지만 그렇게 되려면 사람이 만든 것과 동일할 정도의 컨텐츠가 나와야 하는데 그럴려면 인간과 마찬가지로 오감을 통한 학습을 하고 컨텐츠가 나오는 수준이 되어야 하지 않나 생각합니다. 우리 사람은 자연스레 오감을 느끼고 물리법칙을 느끼지만 AI는 그렇지 않으니까요.\n\n그럼 못해도 AGI는 달성을 해야 될 것 같습니다.\n\n- 이상 제 뇌피셜이었습니다.', 'createAt': '2일전'}, {'user': '한안아', 'content': '어느정도 발전하면 자가학습하여 데이터를 계속 만들어 내면서 스스로 성장합니다...', 'createAt': '2일전'}]"
okky,lifeStory,동까IS뭔들,개발자 현타(슬럼프) 올때 보세요,"백엔드 6년차를 앞두고 있는 사람입니다.
같이 시작한 동기들은 3년차 때 전직하거나(Front Or 기획) 전업하거나(일반 사무 or 서비스 등) 하더라구요.
5년차가 지나니깐 이제 저도 슬슬 현타가 오고, 회사일만 해서 언제 집마련하고 차 좋은거 끌고 하나 싶은 생각이 많아졌습니다.
아무래도 슬럼프가 아닐까 싶어서 주말에 커피숍에서 알바도 해보고, 퇴근 후 술집에서 주방 보조도 해보면서 이것 저것 건드려봤어요.
근데 커피숍에서 사장님이 키오스크 업체 비용은 아까운데 키오스크 가지고 싶다는 말에 bootstrap 템플릿 하나 사서 가게에 맥미니 하나 30에 당근한거 놓고 홈서버 만들어서 키오스크 하나 만들어드리니 엄청 좋아하더라구요.
같은 취지로 술집에도 똑같이 해드리니 돈 백 주시면서 앞으로 유지보수 신경써달라고, 그러면서 사업체 하나 내서 소소하게 자영업자 도와주는 업체 하나 만들면 좋을 것 같다고 조언해주시던데
뭔가 남을 즐겁게하는 개발이 어떤건지 느낌이 오더라구요. 여태껏 누군가 시켜서 영문도 모른체 이 서비스는 누가 사용할 것인가 관심도 없이 개발하다가 실제로 사용자들이 어떤점에서 좋은 경험을 느끼고, 내가 만든 서비스를 바로 내 눈 앞에서 이용하는 것을 보니깐 재밌었어요.

여러분도 현실에 지쳐서 포기하고싶어질때가 있을거에요. 그럴때는 콧바람좀 쐴 겸 다른일을 해보는것도 좋은 것 같더라구요.
그 안에서 새로운 개발 패러다임을 찾을 수 있고, 잃어버린 개발 의욕도 찾을 수 있을거라 믿어요.",0,3일 전,1.5k,18,"[{'user': '코가더', 'content': '포스기 하나 장만 = 백 ??\nㅠㅠ 좀더 받으시면 좋겠네요~', 'createAt': '3일전'}, {'user': 'カワウソ', 'content': '???: 평생 유지보수 아니냐', 'createAt': '3일전'}, {'user': '더미', 'content': '키오스크랑 포스기는 다른거 아니던가요?', 'createAt': '3일전'}, {'user': '스프라이트마시쪙', 'content': '혹시 결제쪽은 어떻게 붙이셨나염??', 'createAt': '3일전'}, {'user': 'qwer1232', 'content': '진짜 재밌겠네여 ㅋㅋㅋ', 'createAt': '3일전'}, {'user': 'hswdreamer', 'content': '저도 스프라이트님이랑 같이 궁금증이 카드리더는 어떤걸로 어케 붙이 셨나요?\n포폴로 키오스크 만들고 싶은데 항상 거기서 걸리던데..', 'createAt': '3일전'}, {'user': 'ziDev zi', 'content': '간접적으로 의욕 받고 갑니다 :)', 'createAt': '2일전'}, {'user': '카니', 'content': '전 아두이노나 라즈베리 만져봅니다..\n요새 하도 잘 되어 있어서, 좀만 찾아보면 간단한 것들은 쉽게 구현이 가능하더군요..\n저도 의욕 챙겨갑니다.. ㅎㅎ', 'createAt': '2일전'}]"
okky,lifeStory,자고시퍼,익숙한것만 하다 보니까,"기술 스텍이라곤 스프링 jsp 마이바티스만 할줄 알고
그나마 레거시에서 최근에 부트로 바꿧고
익숙 하시죠?
네 흔하디 흔한 si에서만 쌓인 기술 경력
배포든 ci/cd든 구축 경험이라곤 x
있는거 환경 전달 받으면 쓰기만 함 (학부나 취준하던 시절때나 경험 해보고 실무 X)
주 업무는 공통, 각 모듈별 기능 개발

ai가 발전하는게 체감이 슬슬 위기감 까지 오는 기분이 들어서 최근에
리엑트든 next js든 새로운것(나한테만) 좀 해보고 있는데
익숙하던것만 하다가 새로운거 해보려니 하기 싫고 아 그냥 하던거로 만들자
이런 자세가 돼버리니까

참 딜레마임
그리고 시키는것만 만들다가 뭐 새로 구상해서 뭘 만들까 생각 해봐도 했던것만 생각나고
변화 싫어 하는 구식 개발자(코더)가 됐습니다
첫 입사땐 이러지 않았는데 참",0,3일 전,464,2,"[{'user': '물음표살인마4', 'content': '완전 공감이네요 .. 저도 똑같은상황입니다 ㅋㅋ', 'createAt': '3일전'}, {'user': 'cozypillow', 'content': '반짝이던 눈이 점점.. 총기를 잃어가고 있습니다', 'createAt': '3일전'}, {'user': '코가더', 'content': '대부분 그러지 않나요??\n아마 생존에 위험이 되지 않는 이상 대가리가 안 돌아가는 거조 ㅡㅡ;', 'createAt': '3일전'}, {'user': '전뚱이인데요', 'content': '경력이 많으신거 같은데 새로운 기술스택 보다는\n아키텍처 설계쪽을 공부하는 쪽이 좋지 않을까요\n설계쪽은 오래 갈거 같은데 ~ 데이터 엔지니어 -> 데이터 사이언스쪽으로 넘어가는것도 나쁘지 않다고 생각합니다.', 'createAt': '1일전'}]"
okky,lifeStory,TTTTIiliil,베트남 개발자 외주 맡겨보고 싶은데 어떻게 해야하나요?,"베트암 개발자 인건비가 저렴하다고 해서, 외주 개발로 모바일 앱을 몇 개씩 만들어보려고 합니다.
샘플 앱으로 몇 가지 만들어보려고 하는데 어떤 창구로 개발 요청하나요?",0,3일 전,702,0,"[{'user': '라떼개발자', 'content': '위시x에 베트남업체 있던데요.\n외주공고 직접 낸적 있는데 지원했길래 알게되었어요.', 'createAt': '3일전'}, {'user': '어쩌다개발자', 'content': '베트남개발자 모두가 그렇지않겠지만 싼값에 시켰다가 후회했다는 얘기 많이들었어요.', 'createAt': '3일전'}, {'user': 'yjy****', 'content': '절대안합니다', 'createAt': '3일전'}, {'user': '포항항', 'content': '결과물은 가격에 맞게 나옵니다', 'createAt': '3일전'}, {'user': '꾸우까', 'content': '샘플이아니라 개발맡기실땐 지시대로 출품이원칙이므로 기획 설계자료 잘넘기셔야합니다\n위 자료들 준비가되셨을거라 생각하는데 그러면 업체에 연락해보시고 공수알려드리면 견적 알려줄거에요~', 'createAt': '3일전'}, {'user': '한안아', 'content': '먹어봐야 똥인지 된장인지 알죠.\n일단 테스트겸 시도해보는것도 좋다고 봅니다.', 'createAt': '2일전'}]"
okky,lifeStory,롤딥,"3년차 백엔드 인데, 이직시 이력서에 뭘 더 넣을 수 있을까요?","이직을 좀 알아보고 있는데

토이 프로젝트로 npm 라이브러리 배포 해둔거나 ec2에 올려서 실제로 돌아가는 서비스 몇개 있는거 적고

현재 재직중인 회사에서 진행했던 경력 사항들 몇개 적고

기술 스택 적고

자격증 있는거 2개 적고 나니까

뭐 더 쓸게 없네용;

뭔가 너무 허전해서 프론트엔드 개발자들 포트폴리오 사이트 만드는거라도 만들어서

토이프로젝트 했던거 정리라도 해야하나.. 싶은데 자기소개서나 경력사항을 더 상세히 적어서 힘을 주는게 더 나을까요?",0,3일 전,568,0,"[{'user': 'Lzlzlzzz', 'content': '저도 넣을게 없어서 영어 성적 따뒀던거 넣었는데, 그걸로 가산점 받아 합격했었네요.', 'createAt': '3일전'}, {'user': '시그널', 'content': '회사에서 한 걸 적으셨으면 된거 같은데요\n얼마나 잘 처리했는지가 중요하지 내용이 많다고 좋은게 아닙니다', 'createAt': '3일전'}, {'user': '코가더', 'content': '토이 프로젝트 다 적으세요..\n개발에 대한 열정이 보여 좋아할거 같습니다.', 'createAt': '3일전'}]"
okky,lifeStory,ppythonman,어제 노트북 들고가서 카페에서 1시간동안 한일,"커피 홀짝 거리기
디비 클라 설치
터미너스 설치
리디북스로 책3페이지 읽기
갑자기 궁금한게 생겨서 챗지피티랑 수다떨기

이제는 공부할때 방해물은 쓸데 없이 하는 인터넷이 문제가 아닙니다.
공부의 주적은 챗지피티 입니다.",0,3일 전,988,4,"[{'user': '삶은개발', 'content': '뭐 많이 하신것 같은데 5번의 점유율이 급 높아지신걸까요 ㅎㅎㅎ', 'createAt': '3일전'}, {'user': '바보쿠우', 'content': '우리 지피티님 >ㅁ<', 'createAt': '3일전'}, {'user': 'n = n + 1', 'content': '의외로 GPT랑 수다떨면 시간이 잘가더라구요 ㅎ', 'createAt': '3일전'}, {'user': '달고양이', 'content': '우리 지피티느님은 간단한 텍스트 게임도 해준다구요!!\n일하는척 게임하기', 'createAt': '3일전'}]"
okky,lifeStory,삶은개발,코딩이 그렇게 꿀잼입니다,"개발이 생활이고 생활도 개발이라 밸런스 맞추기는 참 힘든것 같습니다.
개발은 사실 업이고 일인거라 생활이 더 우선이긴 하죠

유투브에서 개발얘기도 보고 웃긴거도 보고 끌리는것도 보는데
보고난후 허무해질때가 있습니다

하지만 개발은 언제나 재밌습니다 마치 운동 빡세게 한 느낌이죠 상쾌하고 뿌듯합니다.

코딩도 종류가 많겠죠 백엔드냐 프론트냐 모바일이냐 웹이냐 크로스플랫폼이냐 android 냐 ios 냐
기능도 화면단 데이터 영속화 캐싱 푸쉬 과금 서버 연동
설계 시컨스 Diagram Cnc View
각각 맛이 있고 성취감이나 몰입감이 다른것 같긴 하네요

오늘도 내가 짠 코드 혹은 작성한 문서 혹은 실행한 테스트를 시간에 빗대어 나눠 보면서 가치를 판단해 보면 또 다른 재미가 있네요
졸린눈 비비며 늑장 부리느라 늦어진 마감을 맞춰보며 글 남겨 봅니다.
오늘도 모두 즐프 하세요",0,3일 전,989,10,"[{'user': '코가더', 'content': '건강 신경쓰세요', 'createAt': '3일전'}]"
okky,lifeStory,코딩하는나그네타는타조,공부보다 누워서 유튜브 보는게 꿀잼인건 맞죵,"매일 밤 다짐하죠.
""오늘은 꼭 퇴근 하고 토이 프로젝트, 코딩테스트 준비해야지 !!""
그러다 30분 야근하고 지하철타고 퇴근하면 7시반 언저리..
운동갔다 씻고오면 9시 반 언저리..

저녁 먹기 귀찮거나, 너무 늦거나 하면 패스하고..
보일러키고 전기장판 키고 잠깐 누워서 유튜브 보면 그새 11시가 훌쩍

""에잇. 내일은 꼭 알고리즘 한 문제라도 풀어야지!""
매일 밤 반복이죠 허허

중소기업으로 스타트를 한 이상 언제나 이직의 꿈을 가지고 있는데요.
그게 자꾸만.. 현생에 안주해버리게 되는거있죠 ?

오늘 오랜만에 토이프로젝트 진행하면서 느낀건,
""앞으로 개발자로 성장하고 몸 값을 올리기 위해서는 꾸준히 개인 역량을 쌓아야겠다"" 였습니다.

오랜만에 로그인 구현하는데 신경 쓸게 참으로 많네용

모든 여러분들 신년을 맞이해 마음을 다시 잡고 게으름을 잠깐 이겨보는건 어떠신가요.
일단 나부터... ㅠ.ㅠ
뜨끈하게 전기장판에 몸지지고 누워서 유튜브 보는게 ㄹㅇ 개꿀잼;;;;;;;",0,3일 전,512,2,"[{'user': 'leon808', 'content': '개인 공부 안하고 회사 일만 쳐내도 잠정 몸값 올라간다는 기분 드는게 제일 좋은거 같습니다\n그래서 다들 회사 마음에 안 들면 이직 생각하나봐요', 'createAt': '3일전'}, {'user': 'MadMango', 'content': '회사에 머무는 역량으로 남으면 도태될 거 같고..\n다음 이직은 해외로 가고 싶은데 그 길은 좁아보이고..\n지금 일은 손에 안잡히고ㅜㅜ 자야죠', 'createAt': '3일전'}, {'user': '한안아', 'content': '공부보다 중요한게 인맥임!!', 'createAt': '3일전'}, {'user': '코가더', 'content': '만족합시다.. 지금의 삶을..', 'createAt': '3일전'}]"
okky,lifeStory,냉만두,비전공자가 질문 좀 해보겠습니다...,"안녕하세요 말씀 좀 여쭤보겠습니다...

제가 컴덕후라서 컴퓨터에 대해서 지식 쌓고 있고  못쓰는 컴퓨터 갖고 뜯어보고 부품 공부해보고 그러는데 
 그럼 하드웨어로 가는게 낫나요?  근데 용팔이다 사기꾼이다 뭐다 이런말 듣기싫긴 하네요... 
 그리고 정보보안쪽도 관심 있긴한데  하드보다 차라리 보안 하는게 나을까요? 
 원래 보안쪽이 너무 좋아서 컴공 가려다가 수능 성적 안되서 디자인 전공 택했는데 
 지금이라도 보안 가도 될까요? 
 서두없고 정신없이 글 썼는데 이해 바랍니다... 
 급 진지해서 글 써봤습니다  
 3줄요약
 1. 하드웨어vs소프트웨어
 2. 정보보안 전망 좋을까요?
 3. 정보보안에 대해서 정보 좀...",0,3일 전,769,0,"[{'user': '캐티', 'content': '컴퓨터 하드웨어 유튜버를 살펴보면 뚜따 튜닝도 하던데요. 여담으로 전기전자를 끼고 하면 좋을 것 같스빈다.', 'createAt': '3일전'}, {'user': 'n = n + 1', 'content': '하드웨어쪽이라면 단순 조립수준에서는 오래하긴 힘들것으로 보이구요\nPC부품 기판의 고장난 캐퍼시티 교체 등의\n남들이 쉽게 못하는 화타급 울산 ITSystem 을 꿈꾸며 정진한다면 모를까..\n\n그리고 정보보안이... 어떤 정보보안쪽을 하실지..모르지만 어느쪽이던 정보보안이\n희소하고 좀 어렵다 말씀 드리고 싶네요.\n희소해서 요즘은 역으로 괜찮을려나.. 하지만 내년 취업시장 분위기가 많이 경직되어 힘든 한해가 될거 같습니다.\n모쪼록 좋은 결과 있으시길!!', 'createAt': '3일전'}, {'user': '천사와악마', 'content': '하드웨어 == 임베디드라고 생각하신다면 님이 생각한 모습과 많이 다릅니다\n펌웨어, pcb 설계 등등 역할이 많이 세분화 되어 있고 그 중 컴덕인거랑은 전혀 관계가 없고\n유사/유관 분야도 아닙니다. 거기에 비전공자가 입문하기엔 허들도 높아요.', 'createAt': '3일전'}, {'user': '제운', 'content': '1.하드웨어도 캐드쓰면서 회로설계하는 분야가있고, fpga가 있고 임베디드가 있고 종류가 많습니다.\n그냥 컴퓨터 조립해본 수준이면 소프트웨어가세요. 조립만 하는수준이면 컴닥터밖에 못합니다.\n정보보안도 종류가 많지만 일반적인 수준의 보안업계는 개발 경력 있는사람을 선호합니다.\n우리나 보안업계는 매우 협소하고 기업도 몇 없습니다.\n본인이 사용하는 보안소프트웨어중 유료로 쓰는게 있는지만 따져봐도요.', 'createAt': '3일전'}, {'user': 'MadMango', 'content': '정보보안이 임금 대비 기술 난이도와 허들이 많이 높은 분야인 걸로 알아요\n전공자들도 대부분 웹/전산 중에 고민하지 보안은 정말 좋아해야 갑니다 대학원도 많이 가고요', 'createAt': '3일전'}, {'user': 'manijang2.', 'content': '컴덕후하고 개발 및 보안하고 분야가 달라요. 어떤 느낌이야면\n내가 낙서 좋아한다고 그림 그리는 쪽으로 가는 것과 같다고 생각하면 됩니다.', 'createAt': '3일전'}, {'user': 'hswdreamer', 'content': '1. 하드웨어vs소프트웨어\n 말씀하신 수준의 하드웨어는 전망이 없습니다.\nPC 시장은 사양 산업이니까요.\n\n2. 정보보안 전망 좋을까요?\n보안은 고소득은 못해도 시장은 안정적입니다.\n 3. 정보보안에 대해서 정보 좀...\n보안도 분야가 워낙 넓어서\n네트워크, 시스템, 관제..\n하드웨어 좋아하면 네트워크 보안쪽 공부해서 도전해 보심이 어떨까 싶네요.', 'createAt': '3일전'}, {'user': '달고양이', 'content': '제가 게임덕후인데 덕질과 직업은 확실히 달랐습니다.\n자신이 업으로 삼을 정도면 그만큼 더 조사해보시는 것이 좋겠습니다.\n지금은 다른 분야에서 일하고 있네요..\n덕업일치는 자신이 사업하는게 가장 좋고 (가장 어려움)\n차선으로는 업에서 덕을 뺀 후 경력을 최대한 쌓은 후 영향력이 생겼을 때 덕을 더하는 방법이 있습니다.\n회사와 자신이 추구하는 방향이 맞다면 좋겠지만 그런 회사 찾는거 쉽지 않습니다.', 'createAt': '3일전'}]"
okky,lifeStory,자바킬러,AI는 러버덕 디버거라고 봅니다,"AI 에게 지금 버그난 상황과 에러메시지 내가 원하는 방향 잘 썰 풀면 최대한 쓸만한 방법 잘 도출해 주더군요.
AI가 못 푼다?
스택오버플로에도 없는 초난해한 문제이거나
내가 만든 코드 아키텍처가 근본적으로 노답인 겁니다.

고무오리에게 설명이 가능해야 문제도 해결 가능",0,3일 전,383,1,"[{'user': 'leon808', 'content': '최근에 개발할 때 방대한 양의 오픈 소스 가이드, 기술 문서를 뒤져야할 때가 있었는데\nAI 한테 물어서 봐야될 곳 좁히는 용도로는 쏠쏠하더라고요\n물론 여전히 환각은 심해서 서치 GPT 나 학습 시점까지 고려해도 실수하면 안 되는\n명백한 한두줄의 문서 레퍼런스조차도 헛소리 뱉는다던가\n엉뚱한 답변 코드들이 많았는지 스레딩에서 개소리한다든가는 무시했어야 하지만\no3 에서 더 개선됐으면 좋겠네요\n교차 검증 또는 무시를 그만둬도 되는 날이 진짜 혁명일거 같습니다', 'createAt': '3일전'}, {'user': '한안아', 'content': 'ai 가 못 풀면 내가 잘의를 잘 못 한게 아닌지 고민해봐야 함', 'createAt': '3일전'}]"
okky,lifeStory,노트탑,개발자는 평생 공부해야하는거 아시죠?,입만 산 개발자들이 많아서 정말 공감되네요,https://file.okky.kr/images/1734865438136.jpg,3일 전,1.9k,7,"[{'user': 'safasdfsdfsdf', 'content': '솔직히 빅테크같은 신기술 많이 접하고 도입하는 기업은 이해하는데\nsi기업 파견 다니는 사람들이 개발자 공부 많이 해야한다는 진짜 할말이 없음 ㅋㅋ', 'createAt': '3일전'}, {'user': '하두', 'content': '공부도 중요하지만,\n늘 방법에 대해서\n일머리에 대해서 진지하게\n고만하는 모습이 더 중요해요.\n어떻게 하면 더 좋을까.', 'createAt': '3일전'}, {'user': '자바킬러', 'content': 'ㅋㅋㅋㅋ 개발자만큼 평생공부 부심 쩌는 직업군이 있을까요\n무슨 학위라도 다시 따면 몰라도 말이죠', 'createAt': '3일전'}, {'user': '임시저장보관소', 'content': '비유부터가 틀린게...\n쌩 JS\n-> 온갖 프레임워크 (backbone, angular1, knockoutjs)\n-> 온갖 프레임워크2 (리액트, 앵귤러 2,3,4,... 뷰)\n-> 온갖 프레임워크3 (리액트 함수형 컴포넌트, 훅, ...)\n이렇게 계속 움직이는거죠..\n\nLED 스펙이 움직이는거라 공부는 해야죠\n\n매일 새로운거 만드는 ML쪽처럼 부심부릴 것은 없지만, 고생은 하는거죠ㅠ', 'createAt': '3일전'}, {'user': '김포포', 'content': '협소하거나 정체되어 있는 분야&직장 일 수록 ""공부""를 이해하기 힘들긴 할 듯\n\n""공부""는 굉장히 어려운 걸 하거나, 사시 수준의 집중도를 말하는게 아닌데, 어찌보면 사소하고 일상적인건데\n\n저번 주말에는 이펙티브 러스트 , 이번 주말에 AWS VPC관련 500페이지 책 중 일부를 읽었습니다.\n몰랐던것 & 기억에서 사라졌던것들 다시 알게되는 기회였습니다. 공부한겁니다. 별게 아니에요.\n\n카공족에 대한 혐오도 사실 일부 민폐 이슈보다는 그냥 ""일상적"" 으로 ""공부"" 하는 모습에 열등감을 갖는 사람들이 많은게 아닌지\n\n""공부합니다""\n""운동합니다""\n\n좀 티내면 어떤가요. 나쁜거 하자는것도 아닌데 ㅎㅎ 긍정적으로 봅시다.', 'createAt': '3일전'}, {'user': '갱갱갱', 'content': '막말로 뭣도 아닌 직업이 맞습니다 ㅋㅋㅋ', 'createAt': '3일전'}, {'user': '월급은나의빛', 'content': '어제 모르던 걸 알게 되고, 어제 못 하던 걸 할 수 있게 되는 게 공부인데요.\n그걸 부정적으로 생각하는 사람들도 꽤 있나 보네요.', 'createAt': '3일전'}, {'user': '분할정복테스팅', 'content': '저런 소리듣지 마시고 후회 안 하실려면 공부하세요.ㅎㅎ\n하드웨어쪽은 기술 사이클이 못해도 10년에서 20년입니다.\n건물에 들어가는 전기설계는 10년전이나 지금이나 똑같습니다. 규모가 커지는거지 이론베이스는 그냥 동일합니다.\n아직도 15년전 설비들 좆소기업들이 중고로 매입해서 돌리고 있습니다. 고장나면 기술자들 불러서 또 고칩니다.\n전기나 하드웨어는 정말 최첨단 ""AI""나 ""메모리"" 수준의 장비를 다루는게 아니면 10년이나 20년이나 그냥 똑같습니다.\n개발은 10년전과 지금 만들어진 코드는 기술스텍부터 언어까지 모든게 다릅니다.', 'createAt': '3일전'}, {'user': 'MadMango', 'content': '꼬리와 상방이 너무 길어서 내려치기와 올려치기가 공존하는 업계 같아요..\n취준을 11개월 한 상황에서도 입사하자 마자 처음 듣는 패턴이랑 환경들을 접하는데 오래하신 분들은 오죽하실까요.\n68세이신 헤드님이 쿠버 계층도를 그려가며 제품 설명을 하시는데 확실히 다르다는 생각이 들었습니다.\nC, 리눅스 기반이라고 만만히 봤더니 19, 21년에 출시한 리눅스 IO를 파드에 담아낸 것도 솔직히 대단해 보였고요.\n한국 제품은 유독 Java, Spring 의존도가 크긴 하지만.. 거기도 매번 새롭게 배우는 건 매한가지겠죠.', 'createAt': '3일전'}, {'user': '귀찮이즘', 'content': '3개월에서 6개월만 지나도 코어 기능 아니면 더 좋은 기술이 나옵니다. 코어도 1년 지나면 서비스 중이라면 보통 다 갈아야 합니다. 회사에서는 눈치밥 먹어서 못하거나 적당히 짬타이밍에 하고, 퇴근 후나 주말에 하기에 공부라 합니다.', 'createAt': '3일전'}, {'user': '2948284', 'content': '어짜피 기술은 자연스러운거라 딱히 시간내서 공부 안해도(?) 환경이 주어지면 알아서 배워지게 되긴합니다', 'createAt': '3일전'}, {'user': '장독깨기', 'content': '프로그래밍은 대부분이 응용입니다.\n특정 기술을 익히고 숙달 시켜서 그걸 써먹는게 아닙니다.\n그래서, 공부라 하기엔 뭔 가 좀 어색합니다.\n\n컴퓨터과학(CS) 과목들이 있습니다.\n컴퓨터 구조, 운영체제, 자료구조, 알고리즘, 네트웍, 데이터베이스, 그래픽스, 컴파일러, ... 등이 있죠.\n개념, 동작원리, 구조 등등에 대해서 알아보고 이해를 하는 것, 이 과정을 공부라 하고, 열심히 하는 것이 좋습니다.\n근데, 이 과목들을 평생 공부할 건 아니죠.\n그리고, 이 과목들을 열심히 공부하고 달달 외웠다 해서 프로그래밍을 잘 할 수 있느냐.\n분명 도움은 되겠지만, 그렇다 말할 수는 없습니다. 프로그래밍은 응용이기 때문입니다.\n\n각종 기술스택들이 있습니다. 언어, 프레임웍, 라이브러리, 개발/실행 환경 등 입니다.\n이 부분이 문제입니다. 이런 기술 스택들, 즉, 수단, 도구, 환경 등에 대해 알아보는 것,\n누구는 공부라 생각하고 저를 포함한 누구는 공부라 생각하지 않습니다.\n이걸 공부라 생각하고 쏟아지는 기술들을 가급적 다 알아보려 하면 평생 공부해야 한다 할 수 있습니다.\n이걸 공부라 생각하지 않는, 저 같은 경우는,\n필요에 의해 저런 기술들을 알아보는데요, 그 시간이 오래 걸리지 않습니다. 몇 일 입니다.\n그래서, 쏟아지는 기술들 다 알아보지 않습니다. 필요할 때 알아보죠. 평생 공부 아닙니다.\n\n공부라 하든 아니든 중요한건 이겁니다. 이런 걸 열심히 한다 해서 프로그래밍을 잘 할 수 있느냐?\n이건 완전 아닙니다. 거의 상관관계가 없다 생각해도 무방해 보입니다.\n\n프로그래밍 접한 지 30여년이 된 거 같습니다.\n제 기준으로 보면, 처음 접했을 당시나 지금이나 별 차이 없습니다.\n그냥, 수단들, 도구들, 개발/실행 환경이 바뀌었을 뿐이죠.\n\n프로그래밍은 응용입니다.\n중요한걸 열심히 해야 실력 향상에 도움이 될 것입니다. :)', 'createAt': '3일전'}, {'user': '쿡쿠', 'content': '직장인이 공부안하는 직종이 있을까요? 제가 아는 일반 공기업 본부장도 퇴근 후 직종 관련 공부합니다.', 'createAt': '3일전'}, {'user': '토끼발', 'content': '필요성이 느껴지면 공부하면 되죠', 'createAt': '3일전'}, {'user': 'yamanin', 'content': '개인적으론 ""공부해야된다""는게 자기방어적인 성격도 있고, 후배한테 공부할꺼 많다는 조언적인 성격도 있는거 같습니다.\n뜨금 없는 프로젝트나 그냥 투입됐는데, 아직 해본적 없는 언어, 프레임웍, 아키텍처, 개발방법론들이 제 입장에서는 많이 닥쳐들어 오더라구요. 일단 ""한번 확인해보겠다."", 혹은 ""학습 좀 해보겠다.""등으로 시간을 벌어야될때가 있어요.\n돈 안주면 뭔가 머리속에 잘 안들어와서, 닥쳐야지. 되더라구요. 저같은 삶보다 미리공부해서 자기 니즈에 맞는 프로젝트를 찾아가는게 더 좋지않을까! 하는 느낌도 있습니다.\n누군가 말씀처럼 대체로 si쪽에 개발자 대부분이 이미 알고 있는거나, 학습한 양이 그렇게 크지않는거도 사실이고, 그래서 항상 늦어도 재능있고 열정 있으면 따라갈수 있다고 해온거에요. 물런 요즘 학원의 커리큘럼의 양이 너무 많은거도 사실이지만, 당장 실무 투입을 위한거라 개론적인 부분의 학습이 부족하기 때문에 일하면서 채워나가셔야합니다.\n결국 실력을 쌓는것이 자기에 대한 투자니까, 홧팅하세요.', 'createAt': '3일전'}, {'user': 'onimusha', 'content': '공부 안하고 대충 때우는 사람들한테 방해 받지 않기 위해 공부하면서 삽니다.', 'createAt': '3일전'}, {'user': '코가더', 'content': '예전엔 어느정도 수준에 오르면 공부하지 않아도 될거 같았는데\n사실 한 시스템에서만 거주한다면 이게 맞는거지만\n지금은 공부하는게 맞습니다. SI를 해도\n왜냐면 가는데 마다 시스템이 다 다르니..\n그렇다고 공부안 한다고 생존이 크게 불리하냐 하면 그건 아니지만\n재수없으면 고생하거나 욕먹을순 있겠조..\n결론은 공부하면 할수록 좋은건 사실이다', 'createAt': '3일전'}, {'user': '개발자가아닌조립자', 'content': '공부라는 단어 표현하는게 마음에 안들 수는 있다고 생각은 합니다만 ㅋㅋ\n스스로 기술 스킬업 하지않으면 도태되는게 이 쪽 바닥현실 아닌가요?\n막말로 제이쿼리로만 개발하던 사람이 리액트든 뷰든 하려고하면\n샘플코드든 문서든 보긴 해야 어떤식으로 써야한다 가닥이 나올텐데\n그것도 공부라고 얘기할 수 있는거 아닌가 싶긴하네요.\n\n괜히 시비걸고싶으니 단어로 시비거는 것같은데\n개발직종 뿐아니라 모든 직종들이 자기가 속한곳에서 살아남으려면 배워야하는 것 아닐까요?', 'createAt': '2일전'}]"
okky,lifeStory,분할정복테스팅,정말 신입 공급이 많은지 고찰..,"전문대(컴공),4년제 자연, 공대 문과라도 복수전공으로 공학 전공있으면 동일하게 쳐줍니다.
학점 3.0이상 대신 교양제외입니다.
토익 800점 이상 일반적인 독해가능 수준

이 기준으로 이력서 400장중 300장이 없어집니다.
참고로 영업직렬 기준으로보면 여기는 학벌과 학점 영어는 높으면 높을수록 합격확률이 높아지고 용모단정에 사교성까지
봅니다.

이것에 비하면 개발은 그냥 중간만 가라는 수준입니다.
이력서 100장 개발자 2명이서 폴더명 변수명 함수명이 일관성이 있고 규칙이 있는지를 보면 100장중 10장이 남습니다.
그렇게 10장을 살펴보면 ""우리 회사 안 오겠는데?"" 이런 느낌이 드는 인간들만 남습니다.
이력서중 가장 빠르게 정리되는 것들이 학원에서 6개월동안 이 사람 저 사람 다 모여서 잡탕 느낌으로 만들어진 프로젝트
들입니다. 겉은 화려하나 코드는 ai보다 못하죠. 그리고 개발에 대한 기본이 없다보니 화려한 포폴을 만드려고 합니다. 시간
은 없는데 화려한 포폴 만들겠다고 어떤 레벨인지 모르는 사람들 모여서 포폴을 만드니.. 뭐 결과는 뻔하죠.

그렇게 10장 남은 이력서들을 보면 연봉 3500을 줘도 뽑지를 못합니다. 왜냐면 다른 회사들도 비슷하게 판단했을테니깐
요. 그렇게 4천까지 올려도 결과적으로 SI회사라 오질 않습니다. ㅎㅎ

지금 회사의 판단은 그냥 있는 사람들끼리 잘 먹고 잘 살자로 선회중입니다. 뽑으려는 인력은 뽑질 못하는데, 개발자들 시간
을 써버리니깐요.. 개발자 2명이 이력서 검토하는 순간 하루 기준 100만원 돈이 날라갑니다. -_-
면접까지 불러서 뽑히지 않으면 면접비 50만원까지 날라갑니다..

이게 시장에 정말 신입이 넘치는지 아니면 취업이 안되서 개발자 하겠다고 6개월 학원 다닌 사람이 많은지 따져봐야합니다.
자동화공장시스템 분야에서 일을 했는데, 여기는 대충 뽑아도 1인분은 합니다. 적자가 없습니다.
진짜 폐급도 시키는데로 선연결하는 잡무라도 합니다.
그러나 개발업은 제가 원하는 수준의 신입을 뽑지 않으면 2400만원을 주던 1000만원을 주던 적자입니다. -_-
원하는 수준의 신입은 3천을 주던 4천을 주던 흑자입니다.

제가 봤을때 한국의 경력 개발자들은 가성비가 엄청난 수준입니다.
특히 실력있는 분들 기준으로 신입 5명을 비교하면 신입은 기간내 프로젝트가 끝날 것인지 확신할 수 없으나
실력있는 분들은 확신할 수 있습니다. 그런데도 연봉은 8천대이기 때문에 신입대비 가성비는 놀라운 수준입니다.

예전 SI에서는 그냥 냅다 화면만 찍어내는 수준의 신입도 필요했는데, 지금은 그게 안됩니다. React로 개발되고 많은 UI요소가
이미 완비되어 있습니다. 거기에 반응형으로 모바일과 웹을 동시에 커버하기에 반응형에 대한 이해도까지 요구되죠.

AI는 이런 수준의 개발에 있어서 큰 도움이 안 됩니다. AI는 새로운 것을 만드는 것이지 이미 만들어진 것을 활용하는 레벨은 아니기
때문이죠. 그래서 AI도구에 능숙한 신입도 일을 진행할때 큰 도움이 안 됩니다.

결국 이 구조가 정상화되려면 과잉공급 구조가 해결이 되어야합니다.
학원으로가는 국가 예산을 스타트업 지원으로 돌려야하고요.
지금은 과거처럼 학원에서 찍어서 공급하고 그걸 어떻게든 잡무를 시킨다고 돌아가질 않아요...",0,3일 전,1.7k,10,"[{'user': '캐티', 'content': '빠른 취업을 원한다면 특정한 개발 진영에 최적화되는 것이 중요하빈다. 예컨데 리엑트 같은 것이 되겠쩌.', 'createAt': '3일전'}, {'user': 'ㅇㅈㅇ', 'content': '최상위 기업에서 확장을 멈춘 게 가장 크죠. 거기서 계속 뽑아야\n그 밑이나 옆에서 이직하고 그 빈자리를 또 더 밑이나 옆에서 구하고\n그러면서 쭉 빨려 올라가야 이제 신입이라도 가르쳐 쓰려고 뽑는데\n\n최상위 기업이 확장을 멈추고 기존 인력도 안나가고\n인력 이동이 멈추니 뽑을 이유가 없어지죠. 호재라도 터지면 모를까', 'createAt': '3일전'}, {'user': 'leon808', 'content': '허수가 많다는 생각엔 동의합니다', 'createAt': '3일전'}, {'user': '더미', 'content': '제목이 좀 빠진거 아닙니까\n(쓸만한)', 'createAt': '3일전'}, {'user': '월급은나의빛', 'content': '국비 교육이 허수 지원자를 양산하는 것은 분명합니다.\n\n20년 전과 비교하면 중소기업 기피가 매우 심해졌습니다. 이제 실력있는 지원자는 중소기업을 쳐다보지 않습니다. 당연합니다. 20년 전 신입사원 연봉이 대기업 3000 vs 중소기업 2400 이었다면, 이젠 대기업 5000 vs 중소기업 2800이니까요. 중소기업은 물가 인상율을 생각하면 오히려 줄었습니다.\n\n대기업 입장에서는 실력있는 지원자가 많아졌습니다.', 'createAt': '3일전'}, {'user': 'anple', 'content': '요즘 기준은 잘 모르겠는데\n저 취직할 때 생각하면 대기업 갈만한 스펙인거 같은데', 'createAt': '3일전'}, {'user': '포항항', 'content': '제대로 된 사람이 없다는 말에는 공감해요. 저도 신입이지만 솔직히 오키에 올라오는 취준 고민글들 보면 할많하않입니다.\n다만 문제의 개선에 대해서는 고민이 더 필요할 것 같습니다.', 'createAt': '3일전'}, {'user': '달고양이', 'content': '임베디드 개발자도 양산 갑시다!!', 'createAt': '3일전'}, {'user': '꾸우까', 'content': '토익800에 글로벌활약가능하고 개발까지 중박치는사람이\n연봉 3500 si기업을 지원할까요?..\n그정도 고스펙이면 동남아 기업가도 그이상주는데요..', 'createAt': '3일전'}, {'user': '치즈와퍼', 'content': '토익 800이상은 진짜 흔한줄 알았는데, 개발쪽은 꽤 적은편 같더라고요.', 'createAt': '2일전'}, {'user': '즐기는 개발자', 'content': '다른건 몰라도 토익은 의문이네요.', 'createAt': '2일전'}]"
